platform,celltype,n_marker_genes,marker_genes,cell_class,marker_hits,second_marker_hits,assignment_margin,matched_marker_genes
3-end RNA-seq,0,20,PECAM1;A2M;AQP1;ADGRL4;GNG11;EPAS1;EMCN;LDB2;ENG;PTPRM;RAMP2;VWF;TGFBR2;CD93;PLVAP;SPARCL1;PTPRB;FLT1;TCF4;PLCB1,Endothelial,11,0,11,PECAM1;ADGRL4;EMCN;LDB2;ENG;PTPRM;RAMP2;VWF;PLVAP;PTPRB;FLT1
3-end RNA-seq,1,20,CXCR4;PTPRC;CD3D;FYN;CD52;IL32;TMSB4X;CD96;TRBC2;BTG1;ARHGAP15;SRGN;LINC-PINT;CD2;TNFAIP3;SAMSN1;TRAC;PPP1R16B;STK17B;CDC42SE2,T cell,10,5,5,CXCR4;CD3D;FYN;CD52;IL32;CD96;TRBC2;CD2;TRAC;STK17B
3-end RNA-seq,10,20,IL32;TRAC;SKAP1;STK17B;FYN;IKZF2;PTPRC;CTLA4;FOXP3;IL2RA;CD247;SPOCK2;DUSP4;MALT1;LDLRAD4;DUSP16;BATF;TNFRSF1B;ARHGAP15;S100A4,T cell,12,2,10,IL32;TRAC;SKAP1;STK17B;FYN;IKZF2;CTLA4;FOXP3;IL2RA;CD247;SPOCK2;MALT1
3-end RNA-seq,11,20,MYL9;CALD1;IGFBP7;NOTCH3;TAGLN;PRKG1;SPARCL1;NR2F2;ACTA2;MCAM;TPM2;MYLK;EBF1;RGS5;PRRX1;EDNRA;LHFPL6;CRIP1;TPM1;SPARC,Perivascular smooth muscle,12,1,11,MYL9;CALD1;NOTCH3;TAGLN;PRKG1;NR2F2;ACTA2;MCAM;TPM2;MYLK;EBF1;RGS5
3-end RNA-seq,12,20,KRT19;ATP1B1;CLDN4;SFRP1;KRT7;KRT18;CD59;ELF3;PLA2R1;KRT8;SLC12A2;ROCR;ZG16B;NDRG2;AZGP1;MT-CO3;CLDN10;DBI;ATP1A1;KRT15,Adnexal epithelial,11,1,10,KRT19;CLDN4;KRT7;KRT18;ELF3;PLA2R1;KRT8;SLC12A2;ZG16B;NDRG2;AZGP1
3-end RNA-seq,13,20,COL17A1;CXCL14;MIR205HG;DST;TP63;DAPL1;KRT15;THBS2;CBR1;GPNMB;KRT5;FGFR2;S100A2;SLC2A1;COL7A1;PTPRZ1;KRT14;FGFR3;DSG3;PCDH7,Keratinocyte,7,1,6,COL17A1;TP63;KRT15;KRT5;S100A2;KRT14;DSG3
3-end RNA-seq,14,20,MZB1;SSR4;DERL3;XBP1;IGHG4;TXNDC5;FKBP11;CD79A;HERPUD1;JCHAIN;FCRL5;IGKC;IGHG1;POU2AF1;SEC11C;ST6GAL1;IGHG3;IGHG2;IFNG-AS1;ITM2C,Plasma cell,16,2,14,MZB1;SSR4;DERL3;XBP1;IGHG4;TXNDC5;FKBP11;HERPUD1;JCHAIN;IGKC;IGHG1;POU2AF1;SEC11C;ST6GAL1;IGHG3;IGHG2
3-end RNA-seq,15,20,CPA3;TPSB2;TPSAB1;IL18R1;MS4A2;SLC18A2;GATA2;HDC;HPGD;KIT;HPGDS;VWA5A;SLC24A3;LAPTM5;P2RX1;SMYD3;ALOX5;ELL2;SRGN;SAMSN1,Mast cell,13,2,11,CPA3;TPSB2;TPSAB1;IL18R1;MS4A2;SLC18A2;GATA2;HDC;HPGD;KIT;HPGDS;VWA5A;SLC24A3
3-end RNA-seq,16,20,SCGB1B2P;AZGP1;PIP;KRT19;KRT7;DCD;SLC12A2;TSPAN8;ESRRG;MUCL1;PDLIM3;ELAPOR1;XBP1;KRT18;SERHL2;COBL;SCGB2A2;ARFGEF3;TTC6;CEACAM6,Adnexal epithelial,11,1,10,SCGB1B2P;AZGP1;PIP;KRT19;KRT7;DCD;SLC12A2;TSPAN8;ESRRG;MUCL1;KRT18
3-end RNA-seq,17,20,CXCL14;KRT15;BNC2;TENM2;RPL34;ADGRL3;NFIB;RPS27;RPL31;RPL35A;RPS6;LHX2;RPS23;RPL23A;CYP1B1;DIO2;RPS14;ENSG00000257322;RPL39;SFRP1,Low information,8,1,7,RPL34;RPS27;RPL31;RPL35A;RPS6;RPS23;RPL23A;RPL39
3-end RNA-seq,18,20,PLAC8;FCHSD2;GPR183;IRF7;SEL1L3;IRF8;GZMB;NR4A3;JCHAIN;RHEX;SLC15A4;INPP4A;TCF4;LILRA4;IRF4;RAB11FIP1;RUBCN;IL3RA;SLC20A1;P2RY6,Other immune,6,2,4,IRF7;SEL1L3;RHEX;SLC15A4;RUBCN;IL3RA
3-end RNA-seq,19,20,GNLY;KLRD1;ADGRE5;STAT4;NKG7;CD247;CXCR4;SYTL3;FYN;IL2RB;TYROBP;CTSW;PTPRC;NFKB1;CD96;CD69;SRGN;KLRK1;AREG;TNFAIP3,NK cell,8,4,4,GNLY;KLRD1;STAT4;NKG7;SYTL3;IL2RB;CTSW;KLRK1
3-end RNA-seq,2,20,RPS21;RPS7;RPS18;RPL12;GAS5;RPL36;RPL10A;RPS3;RPS6;RPL36A;SAA1;RPL31;RPL17;RPL32;RPL39;RPS23;RPL23A;RPL35A;RPS14;RPS15A,Low information,17,0,17,RPS21;RPS7;RPS18;RPL12;GAS5;RPL36;RPL10A;RPS3;RPS6;RPL36A;RPL31;RPL17;RPL32;RPL39;RPS23;RPL23A;RPL35A
3-end RNA-seq,20,20,MS4A1;BANK1;CD74;MEF2C;HLA-DRA;CD52;HLA-DPB1;CD83;CD79A;HLA-DQA1;HLA-DQB1;CD37;HLA-DRB1;RIPOR2;LAPTM5;ADAM28;CXCR4;PAX5;HLA-DPA1;CD53,B cell,15,8,7,MS4A1;BANK1;CD74;MEF2C;HLA-DRA;HLA-DPB1;CD83;CD79A;HLA-DQA1;HLA-DQB1;CD37;HLA-DRB1;RIPOR2;PAX5;HLA-DPA1
3-end RNA-seq,21,20,MYLK;TPM2;ACTA2;MYH11;TAGLN;TIMP3;MYL9;CNN1;GPC6;ACTG2;CALD1;GAS6;DMD;SFRP1;NFIB;TPM1;SYNM;PCP4;CSRP1;CCN2,Perivascular smooth muscle,9,0,9,MYLK;TPM2;ACTA2;MYH11;TAGLN;MYL9;CNN1;GPC6;CALD1
3-end RNA-seq,22,20,CPVL;IRF8;WDFY4;HLA-DPB1;CD74;LYZ;HLA-DPA1;RUBCNL;HLA-DRB1;HLA-DQB1;HLA-DRA;HDAC9;CST3;HLA-DQA1;LCP1;PPT1;LGALS2;C1ORF54;PLEK;ACTB,Myeloid/dendritic,14,7,7,CPVL;IRF8;WDFY4;HLA-DPB1;CD74;LYZ;HLA-DPA1;HLA-DRB1;HLA-DQB1;HLA-DRA;CST3;HLA-DQA1;LCP1;PLEK
3-end RNA-seq,23,20,CCL21;PTPRE;TFPI;PPFIBP1;SEMA3A;DYSF;FN1;RHOJ;KALRN;TBX1;PROX1;MMRN1;FBXL7;FLT4;COLEC12;SPTBN1;ARHGAP29;ZNF521;TIE1;PDPN,Endothelial,5,0,5,CCL21;RHOJ;PROX1;MMRN1;FLT4
3-end RNA-seq,24,20,PMEL;FMN1;MLANA;DCT;TYRP1;TRPM1;MITF;CAPN3;CYTH3;INPP4B;PLEKHA5;CDH19;LINC01320;TYR;SOX5;PLXNC1;SGCD;MTHFD1L;NAV3;ENSG00000283674,Melanocyte,13,1,12,PMEL;FMN1;MLANA;DCT;TYRP1;TRPM1;MITF;CAPN3;INPP4B;PLEKHA5;LINC01320;TYR;SOX5
3-end RNA-seq,25,20,CDH19;CRYAB;GPM6B;ERBB3;NTM;SPARC;PMP22;COL18A1;SEMA3B;IGFBP5;CNN3;GAS7;VIM;SOX10;FRMD5;SOX5;COL4A2;SDC3;COL8A1;SPTBN1,Schwann,8,1,7,CDH19;GPM6B;ERBB3;NTM;PMP22;GAS7;SOX10;FRMD5
3-end RNA-seq,26,20,CST3;SELE;SELP;IDO1;S100B;C1ORF54;CD74;CALCRL;IGFBP7;RGS16;SPARCL1;CCL14;ACKR1;PRCP;LYZ;CXCL9;COL15A1;RAI14;HLA-DQA1;HLA-DPB1,Myeloid/dendritic,5,4,1,CST3;CD74;LYZ;HLA-DQA1;HLA-DPB1
3-end RNA-seq,3,20,DEFB1;C19ORF33;ATP1B3;SEMA3C;MT1X;ATP1A1;MT-CO3;HES1;FXYD3;RPS21;RPS6;RPL10A;RPS18;MT-ND2;RPL32;SAT1;SESN3;RPS14;MT-CO1;RPL34,Low information,9,0,9,MT-CO3;RPS21;RPS6;RPL10A;RPS18;MT-ND2;RPL32;MT-CO1;RPL34
3-end RNA-seq,4,20,HLA-DRA;HLA-DRB1;HLA-DQB1;HLA-DPB1;HLA-DPA1;HLA-DQA1;CD74;HLA-DMB;TYROBP;CTSZ;CD83;CSF2RA;CTSH;FCER1G;HLA-DMA;LITAF;IFI30;HCK;AIF1;SLC8A1,Myeloid/dendritic,14,8,6,HLA-DRA;HLA-DRB1;HLA-DQB1;HLA-DPB1;HLA-DPA1;HLA-DQA1;CD74;TYROBP;CTSZ;CD83;CSF2RA;CTSH;FCER1G;AIF1
3-end RNA-seq,5,20,COL1A2;DCN;COL6A1;COL3A1;COL6A3;COL1A1;COL6A2;PRRX1;LUM;CCDC80;CTSK;FSTL1;TIMP2;C1S;PCOLCE;LRP1;AEBP1;FBN1;C1R;FBLN2,Fibroblast,12,0,12,COL1A2;DCN;COL6A1;COL3A1;COL6A3;COL1A1;COL6A2;PRRX1;LUM;CCDC80;FBN1;FBLN2
3-end RNA-seq,6,20,KRT14;SFN;COL17A1;PKP3;KRT16;KRT5;NDRG1;ITGA6;KRT6A;SLC2A1;KRT17;TP63;LAMC2;P3H2;NEFL;TENM2;CAV1;MMP1;CDH3;CXCL14,Keratinocyte,8,0,8,KRT14;SFN;COL17A1;PKP3;KRT16;KRT5;KRT17;TP63
3-end RNA-seq,7,20,KRT6A;S100A8;S100A9;SFN;PKP1;DSP;DSG3;AKR1B10;S100A14;FABP5;AQP3;CSTA;KLF5;KRT14;JUP;LY6D;TYMP;LAD1;DSC3;IFI27,Keratinocyte,12,0,12,S100A8;S100A9;SFN;PKP1;DSP;DSG3;S100A14;AQP3;CSTA;KRT14;JUP;DSC3
3-end RNA-seq,8,20,LGALS7B;ADGRL3;TMEM45A;S100A14;CALML3;CSTB;LGALS7;PERP;PTPRF;DSC3;LYPD3;DSG1;CLDN1;DEFB1;CREG1;SUSD4;DSP;S100A16;KRT6B;TXN,Keratinocyte,5,0,5,S100A14;PERP;DSC3;DSG1;DSP
3-end RNA-seq,9,20,MGST1;FASN;FADS2;APOC1;ACSBG1;FDPS;ACSL1;CYB5A;APOE;APMAP;ALOX15B;HMGCS1;SAA1;KRT79;THRSP;MSMO1;AWAT2;TMEM91;BRI3BP;AACS,Sebocyte,12,0,12,MGST1;FASN;FADS2;APOC1;ACSBG1;FDPS;ACSL1;CYB5A;APOE;ALOX15B;HMGCS1;THRSP
Full-length RNA-seq,0,20,LRP1;CCDC80;CFH;LAMA2;BICC1;ABI3BP;ANK2;C3;FBN1;NEGR1;PARD3B;SLIT3;DCLK1;MMP2;FBLN2;SVEP1;C1R;DCN;FBLN1;MEG3,Fibroblast,12,0,12,CCDC80;CFH;LAMA2;ABI3BP;C3;FBN1;SLIT3;DCLK1;MMP2;FBLN2;DCN;MEG3
Full-length RNA-seq,1,20,SHANK3;MCTP1;RALGAPA2;FLT1;PTPRB;ERG;PTPRM;VWF;ADGRL4;TCF4;MECOM;PECAM1;PREX2;MAGI1;PLCB1;CDH5;RAPGEF4;DOCK4;CD93;ARHGAP31,Endothelial,9,0,9,FLT1;PTPRB;ERG;PTPRM;VWF;ADGRL4;PECAM1;MAGI1;CDH5
Full-length RNA-seq,10,20,ROBO2;KIF26B;MXRA5;COL11A1;TNN;EDNRA;TPST1;COL1A2;GLI2;TRPS1;DKK2;COL1A1;ROR2;MEG8;MEG3;COL24A1;TENM3;MEIS2;COL12A1;SLIT3,Fibroblast,5,0,5,COL1A2;COL1A1;ROR2;MEG3;SLIT3
Full-length RNA-seq,11,20,CDH1;FAM160A1;DSP;NEDD4L;DSC3;IRF6;ZBTB7C;ITGB8;SERPINB5;DSG3;LAMB3;KRT14;MT-CO3;NXN;KRT5;MAP7;TNS4;FAM83B;FAT2;LINC00511,Keratinocyte,8,1,7,DSP;DSC3;IRF6;SERPINB5;DSG3;LAMB3;KRT14;KRT5
Full-length RNA-seq,12,20,CD83;MS4A1;FNBP1;BANK1;RAPGEF1;ANKRD44;LYN;PDE4D;SIPA1L1;PLCG2;WDFY4;INPP5D;SWAP70;ATP2B1;CD74;BCL2;FAM49A;HLA-DRB1;BLK;TRAF3,B cell,9,4,5,CD83;MS4A1;BANK1;LYN;SWAP70;CD74;BCL2;HLA-DRB1;BLK
Full-length RNA-seq,13,20,IGHG1;FP236383;XBP1;IGKC;ANKRD28;UBC;HERPUD1;HSP90B1;HSPA1B;ST6GAL1;TENT5C;PLCG2;VOPP1;IRF4;AC007384;HSPA1A;TPD52;IGHG4;JUN;POU2AF1,Plasma cell,9,3,6,IGHG1;XBP1;IGKC;HERPUD1;ST6GAL1;TENT5C;IRF4;IGHG4;POU2AF1
Full-length RNA-seq,14,20,HDC;SLC24A3;KIT;TNIK;FER;DIP2C;ARHGAP18;PRKX;ABCC4;PRKCA;IL1RL1;ENPP3;JARID2;ACSL4;CACNA1H;SH3KBP1;IL18R1;PAG1;DOCK10;ATP8B4,Mast cell,5,1,4,HDC;SLC24A3;KIT;IL1RL1;IL18R1
Full-length RNA-seq,15,20,SHANK2;COBL;SHROOM3;MYO5B;NEBL;ITPR2;NEDD4L;ESRRG;KRT7;PATJ;ARHGEF28;WWC1;ARHGEF38;MAGI1;FAM160A1;RBM47;PDE4B;PTPRF;ACSL1;HOMER2,Adnexal epithelial,2,1,1,ESRRG;KRT7
Full-length RNA-seq,16,20,LAMA2;CDH11;AKAP12;KIAA1217;OLFML2A;GSN;LTBP2;LRP1;AFF3;PLCL2;TENM4;BICC1;APOD;EDNRA;PRKG1;BNC2;MXRA5;FN1;GLI2;VCAN,Fibroblast,2,1,1,LAMA2;LTBP2
Full-length RNA-seq,17,20,CDH19;NRXN1;SORCS1;ZNF536;DOCK5;ANK3;XKR4;NTM;NRXN3;FRMD5;CADM1;ADGRB3;L1CAM;STARD13;TENM3;PRKCA;DMD;RELN;SLC35F1;COL28A1,Schwann,7,0,7,CDH19;NRXN1;NTM;NRXN3;FRMD5;CADM1;L1CAM
Full-length RNA-seq,18,20,FMN1;LINC01320;MYO5A;PLXNC1;TRPM1;GCNT2;PLEKHA5;DCT;KIT;INPP4B;DIP2C;PMEL;TYR;PTPRM;LYST;SOX5;TYRP1;CDH19;BCL2;MLPH,Melanocyte,12,1,11,FMN1;LINC01320;TRPM1;GCNT2;PLEKHA5;DCT;KIT;INPP4B;PMEL;TYR;SOX5;TYRP1
Full-length RNA-seq,19,20,RUBCN;GRAMD1B;IRF4;SLC15A4;LPXN;IL3RA;RAPGEF1;SIPA1L1;SLC7A11;SLC41A2;SEL1L3;PAG1;STK4;GLT1D1;CDYL;SERPINB9;RHEX;TBC1D13;PDE4B;ALCAM,Other immune,8,1,7,RUBCN;SLC15A4;LPXN;IL3RA;SEL1L3;PAG1;STK4;RHEX
Full-length RNA-seq,2,20,PTPRC;FYN;CDC42SE2;PPP1R16B;ITK;BICDL1;SLC38A1;PDE3B;AKNA;MBP;PREX1;STK4;SPOCK2;CD247;PRKCH;ARHGAP15;ZC3H12D;PPP2R5C;CYTIP;IQGAP2,T cell,4,3,1,FYN;ITK;SPOCK2;CD247
Full-length RNA-seq,3,20,COL1A1;COL5A1;COL16A1;COL6A1;MEG3;TWIST2;ADAMTS2;COL5A2;COL1A2;COL3A1;COL6A3;THBS2;COL27A1;GLIS3;ROR2;BICC1;COL12A1;FAP;ZNF469;LSAMP,Fibroblast,12,0,12,COL1A1;COL5A1;COL6A1;MEG3;TWIST2;ADAMTS2;COL5A2;COL1A2;COL3A1;COL6A3;THBS2;ROR2
Full-length RNA-seq,4,20,PRKG1;NOTCH3;MCAM;SOX5;PDE3A;SYNPO2;ITGA7;CALD1;COL4A2;ZFHX3;CLMN;EPS8;EPAS1;PDGFRB;MYLK;PPP1R12B;COL4A1;CRISPLD2;PARM1;EDNRA,Perivascular smooth muscle,10,1,9,PRKG1;NOTCH3;MCAM;SYNPO2;ITGA7;CALD1;COL4A2;ZFHX3;PDGFRB;MYLK
Full-length RNA-seq,5,20,DSP;FAM160A1;DSC3;CDH1;NEDD4L;JUP;NHSL1;KRT5;SFN;TRIM29;PKP1;FAM83B;IRF6;TP63;PERP;FAT2;DSG3;LINC00511;EPPK1;KLF5,Keratinocyte,10,0,10,DSP;DSC3;JUP;KRT5;SFN;PKP1;IRF6;TP63;PERP;DSG3
Full-length RNA-seq,6,20,RBM47;CD83;FCGR2A;PLEK;FNIP2;ABR;MGAT1;KYNU;ITGAX;CSF2RA;PIK3R5;MYO9B;LCP2;RASGEF1B;HLA-DRB1;PDE4DIP;RAPGEF1;EMILIN2;FAM49A;CXCL8,Myeloid/dendritic,6,2,4,CD83;FCGR2A;PLEK;ITGAX;CSF2RA;HLA-DRB1
Full-length RNA-seq,7,20,DSP;KRT10;NEDD4L;KRT5;MAST4;TXNRD1;KRT14;DSC3;CREB5;KRT17;KRT6A;CMSS1;FAM160A1;LINC00511;DCD;TIAM1;TNC;COL17A1;CDH1;LINC00513,Keratinocyte,7,1,6,DSP;KRT10;KRT5;KRT14;DSC3;KRT17;COL17A1
Full-length RNA-seq,8,20,SHANK3;RALGAPA2;VWF;PTPRB;CDH5;MCTP1;SSH1;ERG;MAGI1;RHOJ;ADGRL4;ARHGAP31;ADAMTS9;KDR;PECAM1;RAPGEF4;PTPRM;PLEKHG1;TCF4;FLT1,Endothelial,11,0,11,VWF;PTPRB;CDH5;ERG;MAGI1;RHOJ;ADGRL4;KDR;PECAM1;PTPRM;FLT1
Full-length RNA-seq,9,20,FP236383;FP671120;HSPA1A;HSPA1B;UBC;RBFOX1;CSMD1;CNTNAP2;OPCML;CTNNA2;DUX4;CDH4;TMEM132D;CNTNAP5;AL589740;CSMD3;CDH18;NRXN1;DSCAM;AC109466,Low information,3,1,2,HSPA1A;HSPA1B;UBC
